{
	"1": {
		"Name": "1.Cytri",
		"Grid": "0,0/0,1/0,-1"
	},
	"2": {
		"Name": "2.Oktavia",
		"Grid": "0,0/0,1/0,-1/1,1/1,0/1,-1"
	},
	"3": {
		"Name": "3.VODgang",
		"Grid": "0,0"
	},
	"4": {
		"Name": "4.Skiy",
		"Grid": "0,0/0,1/0,-1/1,0/1,1/1,-1/-1,0/-1,1/-1,-1"
	},
	"5": {
		"Name": "5.Momo",
		"Grid": "0,0/-1,0/0,-1"
	},
	"6": {
		"Name": "6.Lysander",
		"Grid": "0,0/-1,1/-1,0"
	},
	"7": {
		"Name": "7.Niye",
		"Grid": "0,0/0,1/-1,0/-1,1"
	},
	"8": {
		"Name": "8.Natsu",
		"Grid": "1,0/0,0/-1,0/0,1/1,1/-1,-1/0,-1/-1,1"
	},
	"9": {
		"Name": "9.Nanni",
		"Grid": "0,0/0,1/0,2/0,-1/0,-2/-1,-2/-1,2"
	},
	"10": {
		"Name": "10.Oma",
		"Grid": "0,0/0,1"
	},
	"11": {
		"Name": "11.Miri",
		"Grid": "0,0/0,-1/0,1/1,-1/-1,1/1,1/1,0"
	},
	"12": {
		"Name": "12.MaizyandEmber",
		"Grid": "0,0/0,1/0,-1/0,2/0,-2/-1,0/-1,1/-1,2/-1,-1/-1,-2/1,0/1,1/1,2/2,1/2,2"
	},
	"13": {
		"Name": "13.Bianka",
		"Grid": "0,0/1,0/1,1/0,1/-1,1"
	},
	"14": {
		"Name": "14.Joy",
		"Grid": "0,0/0,1/-1,1/-2,1/1,0/1,1"
	},
	"15": {
		"Name": "15.Maaxter",
		"Grid": "0,0/1,0/2,0/-1,0/-1,-1/-2,-1"
	},
	"16": {
		"Name": "16.Sayuu",
		"Grid": "0,0/-1,0/1,0/-1,-1/1,-1"
	},
	"17": {
		"Name": "17.Neon",
		"Grid": "0,0/1,0/1,1/0,-1"
	},
	"18": {
		"Name": "18.Garu",
		"Grid": "0,0/0,1/-1,1/-1,0/0,-1"
	},
	"19": {
		"Name": "19.Mike",
		"Grid": "0,0/0,-1/-1,0/-1,-1/0,1/1,1/-1,1"
	},
	"20": {
		"Name": "20.Lex",
		"Grid": "0,0/1,0/-1,0/-1,-1"
	},
	"21": {
		"Name": "21.Harrier",
		"Grid": "0,0/0,1/-1,0/1,0"
	},
}
